<?xml version="1.0" encoding="UTF-8"?>
<!DOCTYPE struts PUBLIC
          "-//Apache Software Foundation//DTD Struts Configuration 2.0//EN"
          "http://struts.apache.org/dtds/struts-2.0.dtd">

<struts>
	<package name="waterfallflow" namespace="/waterfall" extends="struts-default">
		<action name="toPage" class="com.earl.waterfall.WaterfallFlow" method="toPage">
			<result>/WEB-INF/jsp/waterfall_part1.jsp</result>
		</action>
		<action name="waterfall" class="com.earl.waterfall.WaterfallFlow" method="waterfall">
			<result>/WEB-INF/jsp/waterfall_part2.jsp</result>
		</action>
	</package>
</struts>